week_num,game_id,team,opp,is_home,team_score,opp_score,team_win,elo_post,elo_pre,elo_change
1,2025_01_ARI_NO,ARI,NO,0,20.0,13.0,1,1524.0590035710507,,
2,2025_02_CAR_ARI,ARI,CAR,1,27.0,22.0,1,1536.8178052466515,1524.0590035710507,12.758801675600807
3,2025_03_ARI_SF,ARI,SF,0,15.0,16.0,0,1530.9814549786827,1536.8178052466515,-5.836350267968783
4,2025_04_SEA_ARI,ARI,SEA,1,20.0,23.0,0,1515.2493881033479,1530.9814549786827,-15.732066875334795
5,2025_05_TEN_ARI,ARI,TEN,1,21.0,22.0,0,1505.1648909446938,1515.2493881033479,-10.08449715865413
6,2025_06_ARI_IND,ARI,IND,0,27.0,31.0,0,1494.1883462850237,1505.1648909446938,-10.976544659670026
7,2025_07_GB_ARI,ARI,GB,1,23.0,27.0,0,1477.7340901952991,1494.1883462850237,-16.454256089724595
9,2025_09_ARI_DAL,ARI,DAL,0,27.0,17.0,1,1506.628600523711,1477.7340901952991,28.894510328411798
10,2025_10_ARI_SEA,ARI,SEA,0,22.0,44.0,0,1488.5074790739345,1506.628600523711,-18.12112144977641
11,2025_11_SF_ARI,ARI,SF,1,22.0,41.0,0,1455.6341244901864,1488.5074790739345,-32.873354583748096
12,2025_12_JAX_ARI,ARI,JAX,1,24.0,27.0,0,1442.138707629018,1455.6341244901864,-13.49541686116845
13,2025_13_ARI_TB,ARI,TB,0,17.0,20.0,0,1432.3909390555102,1442.138707629018,-9.747768573507756
14,2025_14_LA_ARI,ARI,LA,1,17.0,45.0,0,1412.2642960796693,1432.3909390555102,-20.126642975840923
15,2025_15_ARI_HOU,ARI,HOU,0,20.0,40.0,0,1400.4184399468286,1412.2642960796693,-11.845856132840709
1,2025_01_TB_ATL,ATL,TB,1,20.0,23.0,0,1483.9606642859662,,
2,2025_02_ATL_MIN,ATL,MIN,0,22.0,6.0,1,1519.2487101654403,1483.9606642859662,35.28804587947411
3,2025_03_ATL_CAR,ATL,CAR,0,0.0,30.0,0,1484.8207059292272,1519.2487101654403,-34.428004236213155
4,2025_04_WAS_ATL,ATL,WAS,1,34.0,27.0,1,1504.8812362361866,1484.8207059292272,20.060530306959436
6,2025_06_BUF_ATL,ATL,BUF,1,24.0,14.0,1,1528.1305658792999,1504.8812362361866,23.249329643113242
7,2025_07_ATL_SF,ATL,SF,0,10.0,20.0,0,1507.135392036402,1528.1305658792999,-20.995173842897884
8,2025_08_MIA_ATL,ATL,MIA,1,10.0,34.0,0,1461.1252213034052,1507.135392036402,-46.01017073299681
9,2025_09_ATL_NE,ATL,NE,0,23.0,24.0,0,1457.3840059446798,1461.1252213034052,-3.7412153587254124
10,2025_10_ATL_IND,ATL,IND,0,25.0,31.0,0,1447.4363649158254,1457.3840059446798,-9.947641028854378
11,2025_11_CAR_ATL,ATL,CAR,1,27.0,30.0,0,1431.703545567656,1447.4363649158254,-15.732819348169414
12,2025_12_ATL_NO,ATL,NO,0,24.0,10.0,1,1461.1565202302295,1431.703545567656,29.452974662573524
13,2025_13_ATL_NYJ,ATL,NYJ,0,24.0,27.0,0,1446.2635915259366,1461.1565202302295,-14.892928704292899
14,2025_14_SEA_ATL,ATL,SEA,1,9.0,37.0,0,1425.2165000795264,1446.2635915259366,-21.04709144641015
15,2025_15_ATL_TB,ATL,TB,0,29.0,28.0,1,1434.251687615977,1425.2165000795264,9.035187536450621
1,2025_01_BAL_BUF,BAL,BUF,0,40.0,41.0,0,1494.156724245818,,
2,2025_02_CLE_BAL,BAL,CLE,1,41.0,17.0,1,1521.0955864808839,1494.156724245818,26.938862235065926
3,2025_03_DET_BAL,BAL,DET,1,30.0,38.0,0,1494.8133962668358,1521.0955864808839,-26.282190214048114
4,2025_04_BAL_KC,BAL,KC,0,20.0,37.0,0,1470.7877370196886,1494.8133962668358,-24.025659247147132
5,2025_05_HOU_BAL,BAL,HOU,1,10.0,44.0,0,1431.1972766634394,1470.7877370196886,-39.590460356249196
6,2025_06_LA_BAL,BAL,LA,1,3.0,17.0,0,1407.3704421241869,1431.1972766634394,-23.82683453925256
8,2025_08_CHI_BAL,BAL,CHI,1,30.0,16.0,1,1438.5580408212775,1407.3704421241869,31.187598697090607
9,2025_09_BAL_MIA,BAL,MIA,0,28.0,6.0,1,1475.717155145876,1438.5580408212775,37.15911432459848
10,2025_10_BAL_MIN,BAL,MIN,0,27.0,19.0,1,1501.9120826243666,1475.717155145876,26.194927478490627
11,2025_11_BAL_CLE,BAL,CLE,0,23.0,16.0,1,1520.7647953128696,1501.9120826243666,18.85271268850306
12,2025_12_NYJ_BAL,BAL,NYJ,1,23.0,10.0,1,1534.4852141702459,1520.7647953128696,13.720418857376217
13,2025_13_CIN_BAL,BAL,CIN,1,14.0,32.0,0,1489.136656133774,1534.4852141702459,-45.348558036471786
14,2025_14_PIT_BAL,BAL,PIT,1,22.0,27.0,0,1467.6814197921724,1489.136656133774,-21.455236341601676
15,2025_15_BAL_CIN,BAL,CIN,0,24.0,0.0,1,1500.241187586016,1467.6814197921724,32.55976779384355
1,2025_01_BAL_BUF,BUF,BAL,1,41.0,40.0,1,1505.843275754182,,
2,2025_02_BUF_NYJ,BUF,NYJ,0,30.0,10.0,1,1539.470528721838,1505.843275754182,33.62725296765598
3,2025_03_MIA_BUF,BUF,MIA,1,31.0,21.0,1,1554.0281350699333,1539.470528721838,14.557606348095305
4,2025_04_NO_BUF,BUF,NO,1,31.0,19.0,1,1567.7249889033399,1554.0281350699333,13.696853833406522
5,2025_05_NE_BUF,BUF,NE,1,20.0,23.0,0,1549.3063248642488,1567.7249889033399,-18.418664039091027
6,2025_06_BUF_ATL,BUF,ATL,0,14.0,24.0,0,1526.0569952211356,1549.3063248642488,-23.249329643113242
8,2025_08_BUF_CAR,BUF,CAR,0,40.0,9.0,1,1564.446682310914,1526.0569952211356,38.38968708977836
9,2025_09_KC_BUF,BUF,KC,1,28.0,21.0,1,1583.0424962667805,1564.446682310914,18.59581395586656
10,2025_10_BUF_MIA,BUF,MIA,0,13.0,30.0,0,1544.7886817440599,1583.0424962667805,-38.25381452272063
11,2025_11_TB_BUF,BUF,TB,1,44.0,32.0,1,1565.4584597623164,1544.7886817440599,20.669778018256466
12,2025_12_BUF_HOU,BUF,HOU,0,19.0,23.0,0,1550.8969528968178,1565.4584597623164,-14.561506865498586
13,2025_13_BUF_PIT,BUF,PIT,0,26.0,7.0,1,1581.6737301368685,1550.8969528968178,30.776777240050706
14,2025_14_CIN_BUF,BUF,CIN,1,39.0,34.0,1,1589.8462572186218,1581.6737301368685,8.172527081753287
15,2025_15_BUF_NE,BUF,NE,0,35.0,31.0,1,1610.3148845721314,1589.8462572186218,20.468627353509646
1,2025_01_CAR_JAX,CAR,JAX,0,10.0,26.0,0,1476.1158274836018,,
2,2025_02_CAR_ARI,CAR,ARI,0,22.0,27.0,0,1463.357025808001,1476.1158274836018,-12.758801675600807
3,2025_03_ATL_CAR,CAR,ATL,1,30.0,0.0,1,1497.7850300442142,1463.357025808001,34.428004236213155
4,2025_04_CAR_NE,CAR,NE,0,13.0,42.0,0,1466.7329933423755,1497.7850300442142,-31.052036701838688
5,2025_05_MIA_CAR,CAR,MIA,1,27.0,24.0,1,1477.8750893174479,1466.7329933423755,11.14209597507238
6,2025_06_DAL_CAR,CAR,DAL,1,30.0,27.0,1,1490.379832465454,1477.8750893174479,12.504743148006128
7,2025_07_CAR_NYJ,CAR,NYJ,0,13.0,6.0,1,1508.6187668490766,1490.379832465454,18.238934383622563
8,2025_08_BUF_CAR,CAR,BUF,1,9.0,40.0,0,1470.2290797592982,1508.6187668490766,-38.38968708977836
9,2025_09_CAR_GB,CAR,GB,0,16.0,13.0,1,1490.3134867881581,1470.2290797592982,20.084407028859914
10,2025_10_NO_CAR,CAR,NO,1,7.0,17.0,0,1455.2858591740126,1490.3134867881581,-35.02762761414556
11,2025_11_CAR_ATL,CAR,ATL,0,30.0,27.0,1,1471.018678522182,1455.2858591740126,15.732819348169414
12,2025_12_CAR_SF,CAR,SF,0,9.0,20.0,0,1454.8333381837128,1471.018678522182,-16.185340338469132
13,2025_13_LA_CAR,CAR,LA,1,31.0,28.0,1,1474.1689400863536,1454.8333381837128,19.335601902640747
15,2025_15_CAR_NO,CAR,NO,0,17.0,20.0,0,1459.2189198143992,1474.1689400863536,-14.950020271954372
1,2025_01_MIN_CHI,CHI,MIN,1,24.0,27.0,0,1483.9606642859662,,
2,2025_02_CHI_DET,CHI,DET,0,21.0,52.0,0,1454.081744404386,1483.9606642859662,-29.87891988158026
3,2025_03_DAL_CHI,CHI,DAL,1,31.0,14.0,1,1482.0421818085351,1454.081744404386,27.96043740414916
4,2025_04_CHI_LV,CHI,LV,0,25.0,24.0,1,1489.8489230271382,1482.0421818085351,7.806741218603065
6,2025_06_CHI_WAS,CHI,WAS,0,25.0,24.0,1,1498.8800089323772,1489.8489230271382,9.031085905239024
7,2025_07_NO_CHI,CHI,NO,1,26.0,14.0,1,1515.4730670621407,1498.8800089323772,16.59305812976345
8,2025_08_CHI_BAL,CHI,BAL,0,16.0,30.0,0,1484.28546836505,1515.4730670621407,-31.187598697090607
9,2025_09_CHI_CIN,CHI,CIN,0,47.0,42.0,1,1502.096191751365,1484.28546836505,17.810723386314976
10,2025_10_NYG_CHI,CHI,NYG,1,24.0,20.0,1,1512.0142113880206,1502.096191751365,9.918019636655572
11,2025_11_CHI_MIN,CHI,MIN,0,19.0,17.0,1,1523.1622143547618,1512.0142113880206,11.14800296674116
12,2025_12_PIT_CHI,CHI,PIT,1,31.0,28.0,1,1534.6036245136202,1523.1622143547618,11.441410158858389
13,2025_13_CHI_PHI,CHI,PHI,0,24.0,15.0,1,1563.7603566008017,1534.6036245136202,29.15673208718158
14,2025_14_CHI_GB,CHI,GB,0,21.0,28.0,0,1548.429786196595,1563.7603566008017,-15.33057040420681
15,2025_15_CLE_CHI,CHI,CLE,1,31.0,3.0,1,1563.5624022674533,1548.429786196595,15.132616070858376
1,2025_01_CIN_CLE,CIN,CLE,0,17.0,16.0,1,1508.0196678570169,,
2,2025_02_JAX_CIN,CIN,JAX,1,31.0,27.0,1,1522.3087884458591,1508.0196678570169,14.289120588842252
3,2025_03_CIN_MIN,CIN,MIN,0,10.0,48.0,0,1487.089920164129,1522.3087884458591,-35.21886828173024
4,2025_04_CIN_DEN,CIN,DEN,0,3.0,28.0,0,1461.0157142308099,1487.089920164129,-26.074205933319035
5,2025_05_DET_CIN,CIN,DET,1,24.0,37.0,0,1437.632418871695,1461.0157142308099,-23.383295359114754
6,2025_06_CIN_GB,CIN,GB,0,18.0,27.0,0,1423.6856378205744,1437.632418871695,-13.946781051120752
7,2025_07_PIT_CIN,CIN,PIT,1,33.0,31.0,1,1436.3974343926398,1423.6856378205744,12.711796572065396
8,2025_08_NYJ_CIN,CIN,NYJ,1,38.0,39.0,0,1427.2131290952163,1436.3974343926398,-9.184305297423407
9,2025_09_CHI_CIN,CIN,CHI,1,42.0,47.0,0,1409.4024057089014,1427.2131290952163,-17.810723386314976
11,2025_11_CIN_PIT,CIN,PIT,0,12.0,34.0,0,1390.2959040342466,1409.4024057089014,-19.106501674654737
12,2025_12_NE_CIN,CIN,NE,1,20.0,26.0,0,1379.5101294436477,1390.2959040342466,-10.785774590598976
13,2025_13_CIN_BAL,CIN,BAL,0,32.0,14.0,1,1424.8586874801194,1379.5101294436477,45.348558036471786
14,2025_14_CIN_BUF,CIN,BUF,0,34.0,39.0,0,1416.6861603983662,1424.8586874801194,-8.172527081753287
15,2025_15_BAL_CIN,CIN,BAL,1,0.0,24.0,0,1384.1263926045226,1416.6861603983662,-32.55976779384355
1,2025_01_CIN_CLE,CLE,CIN,1,16.0,17.0,0,1491.9803321429831,,
2,2025_02_CLE_BAL,CLE,BAL,0,17.0,41.0,0,1465.0414699079172,1491.9803321429831,-26.938862235065926
3,2025_03_GB_CLE,CLE,GB,1,13.0,10.0,1,1479.7903455299459,1465.0414699079172,14.748875622028663
4,2025_04_CLE_DET,CLE,DET,0,10.0,34.0,0,1457.3427533101963,1479.7903455299459,-22.447592219749595
5,2025_05_MIN_CLE,CLE,MIN,1,17.0,21.0,0,1440.853815761585,1457.3427533101963,-16.488937548611148
6,2025_06_CLE_PIT,CLE,PIT,0,9.0,23.0,0,1423.4921981769342,1440.853815761585,-17.361617584650958
7,2025_07_MIA_CLE,CLE,MIA,1,31.0,6.0,1,1451.6235021875393,1423.4921981769342,28.131304010605163
8,2025_08_CLE_NE,CLE,NE,0,13.0,32.0,0,1434.9631600918196,1451.6235021875393,-16.66034209571967
10,2025_10_CLE_NYJ,CLE,NYJ,0,20.0,27.0,0,1414.3750952955852,1434.9631600918196,-20.58806479623445
11,2025_11_BAL_CLE,CLE,BAL,1,16.0,23.0,0,1395.5223826070821,1414.3750952955852,-18.85271268850306
12,2025_12_CLE_LV,CLE,LV,0,24.0,10.0,1,1426.7594263265223,1395.5223826070821,31.23704371944018
13,2025_13_SF_CLE,CLE,SF,1,8.0,26.0,0,1403.7261551730574,1426.7594263265223,-23.033271153464966
14,2025_14_TEN_CLE,CLE,TEN,1,29.0,31.0,0,1388.2829329406618,1403.7261551730574,-15.443222232395556
15,2025_15_CLE_CHI,CLE,CHI,0,3.0,31.0,0,1373.1503168698034,1388.2829329406618,-15.132616070858376
1,2025_01_DAL_PHI,DAL,PHI,0,20.0,24.0,0,1486.4323338601905,,
2,2025_02_NYG_DAL,DAL,NYG,1,40.0,37.0,1,1497.7390676802947,1486.4323338601905,11.306733820104228
3,2025_03_DAL_CHI,DAL,CHI,0,14.0,31.0,0,1469.7786302761456,1497.7390676802947,-27.96043740414916
4,2025_04_GB_DAL,DAL,GB,1,40.0,40.0,0,1469.8334458367165,1469.7786302761456,0.0548155605708871
5,2025_05_DAL_NYJ,DAL,NYJ,0,37.0,22.0,1,1498.726080852688,1469.8334458367165,28.892635015971564
6,2025_06_DAL_CAR,DAL,CAR,0,27.0,30.0,0,1486.221337704682,1498.726080852688,-12.504743148006128
7,2025_07_WAS_DAL,DAL,WAS,1,44.0,22.0,1,1516.9669051565218,1486.221337704682,30.74556745183986
8,2025_08_DAL_DEN,DAL,DEN,0,24.0,44.0,0,1494.980125927876,1516.9669051565218,-21.986779228645673
9,2025_09_ARI_DAL,DAL,ARI,1,17.0,27.0,0,1466.0856155994643,1494.980125927876,-28.894510328411798
11,2025_11_DAL_LV,DAL,LV,0,33.0,16.0,1,1496.0860458929862,1466.0856155994643,30.00043029352196
12,2025_12_PHI_DAL,DAL,PHI,1,24.0,21.0,1,1511.4872412908776,1496.0860458929862,15.401195397891343
13,2025_13_KC_DAL,DAL,KC,1,31.0,28.0,1,1525.3793534470399,1511.4872412908776,13.892112156162284
14,2025_14_DAL_DET,DAL,DET,0,30.0,44.0,0,1504.3431230220153,1525.3793534470399,-21.03623042502454
15,2025_15_MIN_DAL,DAL,MIN,1,26.0,34.0,0,1475.6918853054606,1504.3431230220153,-28.65123771655476
1,2025_01_TEN_DEN,DEN,TEN,1,20.0,12.0,1,1518.5227459035034,,
2,2025_02_DEN_IND,DEN,IND,0,28.0,29.0,0,1512.852754714526,1518.5227459035034,-5.669991188977292
3,2025_03_DEN_LAC,DEN,LAC,0,20.0,23.0,0,1502.4216405681982,1512.852754714526,-10.4311141463279
4,2025_04_CIN_DEN,DEN,CIN,1,28.0,3.0,1,1528.4958465015172,1502.4216405681982,26.074205933319035
5,2025_05_DEN_PHI,DEN,PHI,0,21.0,17.0,1,1548.8840157898194,1528.4958465015172,20.38816928830215
6,2025_06_DEN_NYJ,DEN,NYJ,0,13.0,11.0,1,1556.988454367339,1548.8840157898194,8.104438577519659
7,2025_07_NYG_DEN,DEN,NYG,1,33.0,32.0,1,1561.0984858531042,1556.988454367339,4.110031485765148
8,2025_08_DAL_DEN,DEN,DAL,1,44.0,24.0,1,1583.0852650817499,1561.0984858531042,21.986779228645673
9,2025_09_DEN_HOU,DEN,HOU,0,18.0,15.0,1,1597.122034490123,1583.0852650817499,14.036769408373175
10,2025_10_LV_DEN,DEN,LV,1,10.0,7.0,1,1603.1689980193514,1597.122034490123,6.046963529228378
11,2025_11_KC_DEN,DEN,KC,1,22.0,19.0,1,1613.3631160070345,1603.1689980193514,10.194117987683057
13,2025_13_DEN_WAS,DEN,WAS,0,27.0,26.0,1,1617.605965819142,1613.3631160070345,4.242849812107579
14,2025_14_DEN_LV,DEN,LV,0,24.0,17.0,1,1627.0483506340659,1617.605965819142,9.442384814923798
15,2025_15_GB_DEN,DEN,GB,1,34.0,26.0,1,1644.9893285775229,1627.0483506340659,17.94097794345703
1,2025_01_DET_GB,DET,GB,0,13.0,27.0,0,1477.170960908439,,
2,2025_02_CHI_DET,DET,CHI,1,52.0,21.0,1,1507.0498807900192,1477.170960908439,29.87891988158026
3,2025_03_DET_BAL,DET,BAL,0,38.0,30.0,1,1533.3320710040673,1507.0498807900192,26.282190214048114
4,2025_04_CLE_DET,DET,CLE,1,34.0,10.0,1,1555.779663223817,1533.3320710040673,22.447592219749595
5,2025_05_DET_CIN,DET,CIN,0,37.0,24.0,1,1579.1629585829317,1555.779663223817,23.383295359114754
6,2025_06_DET_KC,DET,KC,0,17.0,30.0,0,1551.8695540714034,1579.1629585829317,-27.29340451152825
7,2025_07_TB_DET,DET,TB,1,24.0,9.0,1,1574.984678605594,1551.8695540714034,23.1151245341905
9,2025_09_MIN_DET,DET,MIN,1,24.0,27.0,0,1555.1038087359184,1574.984678605594,-19.880869869675507
10,2025_10_DET_WAS,DET,WAS,0,44.0,22.0,1,1582.3402164918677,1555.1038087359184,27.236407755949358
11,2025_11_DET_PHI,DET,PHI,0,9.0,16.0,0,1564.1829237987574,1582.3402164918677,-18.15729269311032
12,2025_12_NYG_DET,DET,NYG,1,34.0,27.0,1,1572.9894703981752,1564.1829237987574,8.806546599417743
13,2025_13_GB_DET,DET,GB,1,24.0,31.0,0,1549.2533531699146,1572.9894703981752,-23.736117228260582
14,2025_14_DAL_DET,DET,DAL,1,44.0,30.0,1,1570.2895835949391,1549.2533531699146,21.03623042502454
15,2025_15_DET_LA,DET,LA,0,34.0,41.0,0,1557.4672100519279,1570.2895835949391,-12.822373543011281
1,2025_01_DET_GB,GB,DET,1,27.0,13.0,1,1522.829039091561,,
2,2025_02_WAS_GB,GB,WAS,1,27.0,18.0,1,1542.2751580495365,1522.829039091561,19.446118957975386
3,2025_03_GB_CLE,GB,CLE,0,10.0,13.0,0,1527.5262824275078,1542.2751580495365,-14.748875622028663
4,2025_04_GB_DAL,GB,DAL,0,40.0,40.0,0,1527.471466866937,1527.5262824275078,-0.0548155605708871
6,2025_06_CIN_GB,GB,CIN,1,27.0,18.0,1,1541.4182479180577,1527.471466866937,13.946781051120752
7,2025_07_GB_ARI,GB,ARI,0,27.0,23.0,1,1557.8725040077823,1541.4182479180577,16.454256089724595
8,2025_08_GB_PIT,GB,PIT,0,35.0,25.0,1,1583.1016887168357,1557.8725040077823,25.22918470905347
9,2025_09_CAR_GB,GB,CAR,1,13.0,16.0,0,1563.0172816879758,1583.1016887168357,-20.084407028859914
10,2025_10_PHI_GB,GB,PHI,1,7.0,10.0,0,1546.678763760489,1563.0172816879758,-16.33851792748692
11,2025_11_GB_NYG,GB,NYG,0,27.0,20.0,1,1562.4835789078134,1546.678763760489,15.804815147324462
12,2025_12_MIN_GB,GB,MIN,1,23.0,6.0,1,1578.5072943340967,1562.4835789078134,16.02371542628339
13,2025_13_GB_DET,GB,DET,0,31.0,24.0,1,1602.2434115623573,1578.5072943340967,23.736117228260582
14,2025_14_CHI_GB,GB,CHI,1,28.0,21.0,1,1617.5739819665641,1602.2434115623573,15.33057040420681
15,2025_15_GB_DEN,GB,DEN,0,26.0,34.0,0,1599.633004023107,1617.5739819665641,-17.94097794345703
1,2025_01_HOU_LA,HOU,LA,0,9.0,14.0,0,1484.8953512940664,,
2,2025_02_TB_HOU,HOU,TB,1,19.0,20.0,0,1477.4886894691522,1484.8953512940664,-7.406661824914181
3,2025_03_HOU_JAX,HOU,JAX,0,10.0,17.0,0,1461.801134709882,1477.4886894691522,-15.687554759270142
4,2025_04_TEN_HOU,HOU,TEN,1,26.0,0.0,1,1486.1667138650394,1461.801134709882,24.36557915515732
5,2025_05_HOU_BAL,HOU,BAL,0,44.0,10.0,1,1525.7571742212886,1486.1667138650394,39.590460356249196
7,2025_07_HOU_SEA,HOU,SEA,0,19.0,27.0,0,1509.5152248754475,1525.7571742212886,-16.24194934584102
8,2025_08_SF_HOU,HOU,SF,1,26.0,15.0,1,1532.4419468005551,1509.5152248754475,22.926721925107586
9,2025_09_DEN_HOU,HOU,DEN,1,15.0,18.0,0,1518.405177392182,1532.4419468005551,-14.036769408373175
10,2025_10_JAX_HOU,HOU,JAX,1,36.0,29.0,1,1534.922558311868,1518.405177392182,16.517380919686047
11,2025_11_HOU_TEN,HOU,TEN,0,16.0,13.0,1,1543.6497712585717,1534.922558311868,8.72721294670373
12,2025_12_BUF_HOU,HOU,BUF,1,23.0,19.0,1,1558.2112781240703,1543.6497712585717,14.561506865498586
13,2025_13_HOU_IND,HOU,IND,0,20.0,16.0,1,1578.0080451108627,1558.2112781240703,19.796766986792363
14,2025_14_HOU_KC,HOU,KC,0,20.0,10.0,1,1604.0741671407627,1578.0080451108627,26.066122029900043
15,2025_15_ARI_HOU,HOU,ARI,1,40.0,20.0,1,1615.9200232736034,1604.0741671407627,11.845856132840709
1,2025_01_MIA_IND,IND,MIA,1,33.0,8.0,1,1527.4659654390082,,
2,2025_02_DEN_IND,IND,DEN,1,29.0,28.0,1,1533.1359566279855,1527.4659654390082,5.669991188977292
3,2025_03_IND_TEN,IND,TEN,0,41.0,20.0,1,1561.7903647083215,1533.1359566279855,28.654408080335998
4,2025_04_IND_LA,IND,LA,0,20.0,27.0,0,1542.1094770242105,1561.7903647083215,-19.680887684110985
5,2025_05_LV_IND,IND,LV,1,40.0,6.0,1,1564.6130280314578,1542.1094770242105,22.503551007247324
6,2025_06_ARI_IND,IND,ARI,1,31.0,27.0,1,1575.5895726911278,1564.6130280314578,10.976544659670026
7,2025_07_IND_LAC,IND,LAC,0,38.0,24.0,1,1602.1879798098928,1575.5895726911278,26.598407118764953
8,2025_08_TEN_IND,IND,TEN,1,38.0,14.0,1,1612.5308901234869,1602.1879798098928,10.342910313594075
9,2025_09_IND_PIT,IND,PIT,0,20.0,27.0,0,1588.0787317624101,1612.5308901234869,-24.452158361076727
10,2025_10_ATL_IND,IND,ATL,1,31.0,25.0,1,1598.0263727912645,1588.0787317624101,9.947641028854378
12,2025_12_IND_KC,IND,KC,0,20.0,23.0,0,1584.5925472594013,1598.0263727912645,-13.43382553186325
13,2025_13_HOU_IND,IND,HOU,1,16.0,20.0,0,1564.795780272609,1584.5925472594013,-19.796766986792363
14,2025_14_IND_JAX,IND,JAX,0,19.0,36.0,0,1539.3774771288563,1564.795780272609,-25.41830314375261
15,2025_15_IND_SEA,IND,SEA,0,16.0,18.0,0,1533.497195180272,1539.3774771288563,-5.880281948584297
1,2025_01_CAR_JAX,JAX,CAR,1,26.0,10.0,1,1523.8841725163982,,
2,2025_02_JAX_CIN,JAX,CIN,0,27.0,31.0,0,1509.595051927556,1523.8841725163982,-14.289120588842252
3,2025_03_HOU_JAX,JAX,HOU,1,17.0,10.0,1,1525.282606686826,1509.595051927556,15.687554759270142
4,2025_04_JAX_SF,JAX,SF,0,26.0,21.0,1,1546.8969929517916,1525.282606686826,21.61438626496556
5,2025_05_KC_JAX,JAX,KC,1,31.0,28.0,1,1557.6664945445139,1546.8969929517916,10.769501592722236
6,2025_06_SEA_JAX,JAX,SEA,1,12.0,20.0,0,1530.9721184809703,1557.6664945445139,-26.694376063543586
7,2025_07_LA_JAX,JAX,LA,1,7.0,35.0,0,1494.0142443163984,1530.9721184809703,-36.95787416457188
9,2025_09_JAX_LV,JAX,LV,0,30.0,29.0,1,1500.9098709935395,1494.0142443163984,6.895626677141081
10,2025_10_JAX_HOU,JAX,HOU,0,29.0,36.0,0,1484.3924900738534,1500.9098709935395,-16.517380919686047
11,2025_11_LAC_JAX,JAX,LAC,1,35.0,6.0,1,1519.8473049065042,1484.3924900738534,35.454814832650754
12,2025_12_JAX_ARI,JAX,ARI,0,27.0,24.0,1,1533.3427217676726,1519.8473049065042,13.49541686116845
13,2025_13_JAX_TEN,JAX,TEN,0,25.0,3.0,1,1551.896882181774,1533.3427217676726,18.55416041410126
14,2025_14_IND_JAX,JAX,IND,1,36.0,19.0,1,1577.3151853255265,1551.896882181774,25.41830314375261
15,2025_15_NYJ_JAX,JAX,NYJ,1,48.0,20.0,1,1589.2094388646606,1577.3151853255265,11.89425353913407
1,2025_01_KC_LAC,KC,LAC,0,21.0,27.0,0,1483.5958510505573,,
2,2025_02_PHI_KC,KC,PHI,1,17.0,20.0,0,1468.7359877093024,1483.5958510505573,-14.859863341254822
3,2025_03_KC_NYG,KC,NYG,0,22.0,9.0,1,1499.0162616643713,1468.7359877093024,30.28027395506888
4,2025_04_BAL_KC,KC,BAL,1,37.0,20.0,1,1523.0419209115184,1499.0162616643713,24.025659247147132
5,2025_05_KC_JAX,KC,JAX,0,28.0,31.0,0,1512.2724193187962,1523.0419209115184,-10.769501592722236
6,2025_06_DET_KC,KC,DET,1,30.0,17.0,1,1539.5658238303245,1512.2724193187962,27.29340451152825
7,2025_07_LV_KC,KC,LV,1,31.0,0.0,1,1561.3470381895152,1539.5658238303245,21.7812143591907
8,2025_08_WAS_KC,KC,WAS,1,28.0,7.0,1,1582.5743761000988,1561.3470381895152,21.22733791058363
9,2025_09_KC_BUF,KC,BUF,0,21.0,28.0,0,1563.9785621442322,1582.5743761000988,-18.59581395586656
11,2025_11_KC_DEN,KC,DEN,0,19.0,22.0,0,1553.7844441565492,1563.9785621442322,-10.194117987683057
12,2025_12_IND_KC,KC,IND,1,23.0,20.0,1,1567.2182696884124,1553.7844441565492,13.43382553186325
13,2025_13_KC_DAL,KC,DAL,0,28.0,31.0,0,1553.3261575322501,1567.2182696884124,-13.892112156162284
14,2025_14_HOU_KC,KC,HOU,1,10.0,20.0,0,1527.26003550235,1553.3261575322501,-26.066122029900043
15,2025_15_LAC_KC,KC,LAC,1,13.0,16.0,0,1511.882320745232,1527.26003550235,-15.377714757118156
1,2025_01_HOU_LA,LA,HOU,1,14.0,9.0,1,1515.1046487059336,,
2,2025_02_LA_TEN,LA,TEN,0,33.0,19.0,1,1543.848917900074,1515.1046487059336,28.744269194140315
3,2025_03_LA_PHI,LA,PHI,0,26.0,33.0,0,1525.4131336598814,1543.848917900074,-18.43578424019256
4,2025_04_IND_LA,LA,IND,1,27.0,20.0,1,1545.0940213439924,1525.4131336598814,19.680887684110985
5,2025_05_SF_LA,LA,SF,1,23.0,26.0,0,1528.1435806495426,1545.0940213439924,-16.950440694449753
6,2025_06_LA_BAL,LA,BAL,0,17.0,3.0,1,1551.9704151887952,1528.1435806495426,23.82683453925256
7,2025_07_LA_JAX,LA,JAX,0,35.0,7.0,1,1588.928289353367,1551.9704151887952,36.95787416457188
9,2025_09_NO_LA,LA,NO,1,34.0,10.0,1,1600.706648932331,1588.928289353367,11.778359578964
10,2025_10_LA_SF,LA,SF,0,42.0,26.0,1,1628.346957395956,1600.706648932331,27.640308463624933
11,2025_11_SEA_LA,LA,SEA,1,21.0,19.0,1,1637.5411297697028,1628.346957395956,9.194172373746824
12,2025_12_TB_LA,LA,TB,1,34.0,7.0,1,1654.8657246615383,1637.5411297697028,17.32459489183543
13,2025_13_LA_CAR,LA,CAR,0,28.0,31.0,0,1635.5301227588975,1654.8657246615383,-19.335601902640747
14,2025_14_LA_ARI,LA,ARI,0,45.0,17.0,1,1655.6567657347384,1635.5301227588975,20.126642975840923
15,2025_15_DET_LA,LA,DET,1,41.0,34.0,1,1668.4791392777497,1655.6567657347384,12.822373543011281
16,2025_16_LA_SEA,LA,SEA,0,37.0,38.0,0,1662.5708334929952,1668.4791392777497,-5.908305784754475
1,2025_01_KC_LAC,LAC,KC,1,27.0,21.0,1,1516.4041489494427,,
2,2025_02_LAC_LV,LAC,LV,0,20.0,9.0,1,1545.686422783557,1516.4041489494427,29.28227383411422
3,2025_03_DEN_LAC,LAC,DEN,1,23.0,20.0,1,1556.1175369298849,1545.686422783557,10.4311141463279
4,2025_04_LAC_NYG,LAC,NYG,0,18.0,21.0,0,1539.649380581024,1556.1175369298849,-16.46815634886093
5,2025_05_WAS_LAC,LAC,WAS,1,10.0,27.0,0,1503.6433631772788,1539.649380581024,-36.00601740374509
6,2025_06_LAC_MIA,LAC,MIA,0,29.0,27.0,1,1514.403770857692,1503.6433631772788,10.76040768041321
7,2025_07_IND_LAC,LAC,IND,1,24.0,38.0,0,1487.805363738927,1514.403770857692,-26.598407118764953
8,2025_08_MIN_LAC,LAC,MIN,1,37.0,10.0,1,1516.801433383014,1487.805363738927,28.9960696440869
9,2025_09_LAC_TEN,LAC,TEN,0,27.0,20.0,1,1531.6513414566043,1516.801433383014,14.849908073590314
10,2025_10_PIT_LAC,LAC,PIT,1,25.0,10.0,1,1554.1401006922138,1531.6513414566043,22.48875923560945
11,2025_11_LAC_JAX,LAC,JAX,0,6.0,35.0,0,1518.685285859563,1554.1401006922138,-35.454814832650754
13,2025_13_LV_LAC,LAC,LV,1,31.0,14.0,1,1531.9372781618863,1518.685285859563,13.251992302323288
14,2025_14_PHI_LAC,LAC,PHI,1,22.0,19.0,1,1544.1443897895283,1531.9372781618863,12.207111627642007
15,2025_15_LAC_KC,LAC,KC,0,16.0,13.0,1,1559.5221045466465,1544.1443897895283,15.377714757118156
1,2025_01_LV_NE,LV,NE,0,20.0,13.0,1,1524.0590035710507,,
2,2025_02_LAC_LV,LV,LAC,1,9.0,20.0,0,1494.7767297369364,1524.0590035710507,-29.28227383411422
3,2025_03_LV_WAS,LV,WAS,0,24.0,41.0,0,1471.1499429944151,1494.7767297369364,-23.62678674252129
4,2025_04_CHI_LV,LV,CHI,1,24.0,25.0,0,1463.343201775812,1471.1499429944151,-7.806741218603065
5,2025_05_LV_IND,LV,IND,0,6.0,40.0,0,1440.8396507685648,1463.343201775812,-22.503551007247324
6,2025_06_TEN_LV,LV,TEN,1,20.0,10.0,1,1458.9987285491522,1440.8396507685648,18.159077780587495
7,2025_07_LV_KC,LV,KC,0,0.0,31.0,0,1437.2175141899615,1458.9987285491522,-21.7812143591907
9,2025_09_JAX_LV,LV,JAX,1,29.0,30.0,0,1430.3218875128205,1437.2175141899615,-6.895626677141081
10,2025_10_LV_DEN,LV,DEN,0,7.0,10.0,0,1424.274923983592,1430.3218875128205,-6.046963529228378
11,2025_11_DAL_LV,LV,DAL,1,16.0,33.0,0,1394.2744936900701,1424.274923983592,-30.00043029352196
12,2025_12_CLE_LV,LV,CLE,1,10.0,24.0,0,1363.03744997063,1394.2744936900701,-31.23704371944018
13,2025_13_LV_LAC,LV,LAC,0,14.0,31.0,0,1349.7854576683067,1363.03744997063,-13.251992302323288
14,2025_14_DEN_LV,LV,DEN,1,17.0,24.0,0,1340.3430728533829,1349.7854576683067,-9.442384814923798
15,2025_15_LV_PHI,LV,PHI,0,0.0,31.0,0,1326.9132260724218,1340.3430728533829,-13.429846780961043
1,2025_01_MIA_IND,MIA,IND,0,8.0,33.0,0,1472.5340345609918,,
2,2025_02_NE_MIA,MIA,NE,1,27.0,33.0,0,1450.2063748869855,1472.5340345609918,-22.327659674006327
3,2025_03_MIA_BUF,MIA,BUF,0,21.0,31.0,0,1435.6487685388902,1450.2063748869855,-14.557606348095305
4,2025_04_NYJ_MIA,MIA,NYJ,1,27.0,21.0,1,1452.646222426032,1435.6487685388902,16.997453887141774
5,2025_05_MIA_CAR,MIA,CAR,0,24.0,27.0,0,1441.5041264509596,1452.646222426032,-11.14209597507238
6,2025_06_LAC_MIA,MIA,LAC,1,27.0,29.0,0,1430.7437187705464,1441.5041264509596,-10.76040768041321
7,2025_07_MIA_CLE,MIA,CLE,0,6.0,31.0,0,1402.6124147599412,1430.7437187705464,-28.131304010605163
8,2025_08_MIA_ATL,MIA,ATL,0,34.0,10.0,1,1448.622585492938,1402.6124147599412,46.01017073299681
9,2025_09_BAL_MIA,MIA,BAL,1,6.0,28.0,0,1411.4634711683395,1448.622585492938,-37.15911432459848
10,2025_10_BUF_MIA,MIA,BUF,1,30.0,13.0,1,1449.7172856910602,1411.4634711683395,38.25381452272063
11,2025_11_WAS_MIA,MIA,WAS,1,16.0,13.0,1,1460.528659308783,1449.7172856910602,10.811373617722893
13,2025_13_NO_MIA,MIA,NO,1,21.0,17.0,1,1470.556120808977,1460.528659308783,10.027461500194022
14,2025_14_MIA_NYJ,MIA,NYJ,0,34.0,10.0,1,1500.86000999401,1470.556120808977,30.303889185032858
15,2025_15_MIA_PIT,MIA,PIT,0,15.0,28.0,0,1478.257825117937,1500.86000999401,-22.602184876072897
1,2025_01_MIN_CHI,MIN,CHI,0,27.0,24.0,1,1516.0393357140338,,
2,2025_02_ATL_MIN,MIN,ATL,1,6.0,22.0,0,1480.7512898345597,1516.0393357140338,-35.28804587947411
3,2025_03_CIN_MIN,MIN,CIN,1,48.0,10.0,1,1515.97015811629,1480.7512898345597,35.21886828173024
4,2025_04_MIN_PIT,MIN,PIT,0,21.0,24.0,0,1503.8235610871852,1515.97015811629,-12.146597029104669
5,2025_05_MIN_CLE,MIN,CLE,0,21.0,17.0,1,1520.3124986357964,1503.8235610871852,16.488937548611148
7,2025_07_PHI_MIN,MIN,PHI,1,22.0,28.0,0,1497.4441586155294,1520.3124986357964,-22.868340020266942
8,2025_08_MIN_LAC,MIN,LAC,0,10.0,37.0,0,1468.4480889714425,1497.4441586155294,-28.9960696440869
9,2025_09_MIN_DET,MIN,DET,0,27.0,24.0,1,1488.328958841118,1468.4480889714425,19.880869869675507
10,2025_10_BAL_MIN,MIN,BAL,1,19.0,27.0,0,1462.1340313626274,1488.328958841118,-26.194927478490627
11,2025_11_CHI_MIN,MIN,CHI,1,17.0,19.0,0,1450.9860283958863,1462.1340313626274,-11.14800296674116
12,2025_12_MIN_GB,MIN,GB,0,6.0,23.0,0,1434.9623129696029,1450.9860283958863,-16.02371542628339
13,2025_13_MIN_SEA,MIN,SEA,0,0.0,26.0,0,1422.05107346922,1434.9623129696029,-12.911239500382862
14,2025_14_WAS_MIN,MIN,WAS,1,31.0,0.0,1,1450.2857265532448,1422.05107346922,28.234653084024785
15,2025_15_MIN_DAL,MIN,DAL,0,34.0,26.0,1,1478.9369642697995,1450.2857265532448,28.65123771655476
1,2025_01_LV_NE,NE,LV,1,13.0,20.0,0,1475.9409964289493,,
2,2025_02_NE_MIA,NE,MIA,0,33.0,27.0,1,1498.2686561029557,1475.9409964289493,22.327659674006327
3,2025_03_PIT_NE,NE,PIT,1,14.0,21.0,0,1473.097752967285,1498.2686561029557,-25.170903135670642
4,2025_04_CAR_NE,NE,CAR,1,42.0,13.0,1,1504.1497896691237,1473.097752967285,31.052036701838688
5,2025_05_NE_BUF,NE,BUF,0,23.0,20.0,1,1522.5684537082147,1504.1497896691237,18.418664039091027
6,2025_06_NE_NO,NE,NO,0,25.0,19.0,1,1540.699535119479,1522.5684537082147,18.131081411264176
7,2025_07_NE_TEN,NE,TEN,0,31.0,13.0,1,1562.3616650645006,1540.699535119479,21.66212994502166
8,2025_08_CLE_NE,NE,CLE,1,32.0,13.0,1,1579.0220071602203,1562.3616650645006,16.66034209571967
9,2025_09_ATL_NE,NE,ATL,1,24.0,23.0,1,1582.7632225189457,1579.0220071602203,3.7412153587254124
10,2025_10_NE_TB,NE,TB,0,28.0,23.0,1,1601.8547990445552,1582.7632225189457,19.091576525609526
11,2025_11_NYJ_NE,NE,NYJ,1,27.0,14.0,1,1611.8382569320993,1601.8547990445552,9.983457887544091
12,2025_12_NE_CIN,NE,CIN,0,26.0,20.0,1,1622.6240315226983,1611.8382569320993,10.785774590598976
13,2025_13_NYG_NE,NE,NYG,1,33.0,15.0,1,1631.7087601520295,1622.6240315226983,9.084728629331266
15,2025_15_BUF_NE,NE,BUF,1,31.0,35.0,0,1611.2401327985199,1631.7087601520295,-20.468627353509646
1,2025_01_ARI_NO,NO,ARI,1,13.0,20.0,0,1475.9409964289493,,
2,2025_02_SF_NO,NO,SF,1,21.0,26.0,0,1457.3883183175844,1475.9409964289493,-18.552678111364912
3,2025_03_NO_SEA,NO,SEA,0,13.0,44.0,0,1433.591469607695,1457.3883183175844,-23.796848709889446
4,2025_04_NO_BUF,NO,BUF,0,19.0,31.0,0,1419.8946157742885,1433.591469607695,-13.696853833406522
5,2025_05_NYG_NO,NO,NYG,1,26.0,14.0,1,1443.820194507159,1419.8946157742885,23.925578732870463
6,2025_06_NE_NO,NO,NE,1,19.0,25.0,0,1425.6891130958948,1443.820194507159,-18.131081411264176
7,2025_07_NO_CHI,NO,CHI,0,14.0,26.0,0,1409.0960549661313,1425.6891130958948,-16.59305812976345
8,2025_08_TB_NO,NO,TB,1,3.0,23.0,0,1383.9706995589522,1409.0960549661313,-25.125355407179086
9,2025_09_NO_LA,NO,LA,0,10.0,34.0,0,1372.1923399799882,1383.9706995589522,-11.778359578964
10,2025_10_NO_CAR,NO,CAR,0,17.0,7.0,1,1407.2199675941338,1372.1923399799882,35.02762761414556
12,2025_12_ATL_NO,NO,ATL,1,10.0,24.0,0,1377.7669929315603,1407.2199675941338,-29.452974662573524
13,2025_13_NO_MIA,NO,MIA,0,17.0,21.0,0,1367.7395314313662,1377.7669929315603,-10.027461500194022
14,2025_14_NO_TB,NO,TB,0,24.0,20.0,1,1391.86837960554,1367.7395314313662,24.128848174173754
15,2025_15_CAR_NO,NO,CAR,1,20.0,17.0,1,1406.8183998774944,1391.86837960554,14.950020271954372
1,2025_01_NYG_WAS,NYG,WAS,0,6.0,21.0,0,1476.6268969832718,,
2,2025_02_NYG_DAL,NYG,DAL,0,37.0,40.0,0,1465.3201631631675,1476.6268969832718,-11.306733820104228
3,2025_03_KC_NYG,NYG,KC,1,9.0,22.0,0,1435.0398892080987,1465.3201631631675,-30.28027395506888
4,2025_04_LAC_NYG,NYG,LAC,1,21.0,18.0,1,1451.5080455569596,1435.0398892080987,16.46815634886093
5,2025_05_NYG_NO,NYG,NO,0,14.0,26.0,0,1427.5824668240891,1451.5080455569596,-23.925578732870463
6,2025_06_PHI_NYG,NYG,PHI,1,34.0,17.0,1,1461.872789443435,1427.5824668240891,34.29032261934594
7,2025_07_NYG_DEN,NYG,DEN,0,32.0,33.0,0,1457.76275795767,1461.872789443435,-4.110031485765148
8,2025_08_NYG_PHI,NYG,PHI,0,20.0,38.0,0,1439.13669152553,1457.76275795767,-18.62606643213985
9,2025_09_SF_NYG,NYG,SF,1,24.0,34.0,0,1416.5723289940458,1439.13669152553,-22.56436253148422
10,2025_10_NYG_CHI,NYG,CHI,0,20.0,24.0,0,1406.6543093573903,1416.5723289940458,-9.918019636655572
11,2025_11_GB_NYG,NYG,GB,1,20.0,27.0,0,1390.8494942100658,1406.6543093573903,-15.804815147324462
12,2025_12_NYG_DET,NYG,DET,0,27.0,34.0,0,1382.042947610648,1390.8494942100658,-8.806546599417743
13,2025_13_NYG_NE,NYG,NE,0,15.0,33.0,0,1372.9582189813168,1382.042947610648,-9.084728629331266
15,2025_15_WAS_NYG,NYG,WAS,1,21.0,29.0,0,1348.20063786962,1372.9582189813168,-24.75758111169671
1,2025_01_PIT_NYJ,NYJ,PIT,1,32.0,34.0,0,1487.2891271783894,,
2,2025_02_BUF_NYJ,NYJ,BUF,1,10.0,30.0,0,1453.6618742107335,1487.2891271783894,-33.62725296765598
3,2025_03_NYJ_TB,NYJ,TB,0,27.0,29.0,0,1446.4601607398022,1453.6618742107335,-7.201713470931281
4,2025_04_NYJ_MIA,NYJ,MIA,0,21.0,27.0,0,1429.4627068526604,1446.4601607398022,-16.997453887141774
5,2025_05_DAL_NYJ,NYJ,DAL,1,22.0,37.0,0,1400.5700718366888,1429.4627068526604,-28.892635015971564
6,2025_06_DEN_NYJ,NYJ,DEN,1,11.0,13.0,0,1392.4656332591692,1400.5700718366888,-8.104438577519659
7,2025_07_CAR_NYJ,NYJ,CAR,1,6.0,13.0,0,1374.2266988755466,1392.4656332591692,-18.238934383622563
8,2025_08_NYJ_CIN,NYJ,CIN,0,39.0,38.0,1,1383.41100417297,1374.2266988755466,9.184305297423407
10,2025_10_CLE_NYJ,NYJ,CLE,1,27.0,20.0,1,1403.9990689692045,1383.41100417297,20.58806479623445
11,2025_11_NYJ_NE,NYJ,NE,0,14.0,27.0,0,1394.0156110816604,1403.9990689692045,-9.983457887544091
12,2025_12_NYJ_BAL,NYJ,BAL,0,10.0,23.0,0,1380.2951922242842,1394.0156110816604,-13.720418857376217
13,2025_13_ATL_NYJ,NYJ,ATL,1,27.0,24.0,1,1395.188120928577,1380.2951922242842,14.892928704292899
14,2025_14_MIA_NYJ,NYJ,MIA,1,10.0,34.0,0,1364.8842317435442,1395.188120928577,-30.303889185032858
15,2025_15_NYJ_JAX,NYJ,JAX,0,20.0,48.0,0,1352.9899782044101,1364.8842317435442,-11.89425353913407
1,2025_01_DAL_PHI,PHI,DAL,1,24.0,20.0,1,1513.5676661398095,,
2,2025_02_PHI_KC,PHI,KC,0,20.0,17.0,1,1528.4275294810643,1513.5676661398095,14.859863341254822
3,2025_03_LA_PHI,PHI,LA,1,33.0,26.0,1,1546.8633137212569,1528.4275294810643,18.43578424019256
4,2025_04_PHI_TB,PHI,TB,0,31.0,25.0,1,1568.4856656078616,1546.8633137212569,21.622351886604747
5,2025_05_DEN_PHI,PHI,DEN,1,17.0,21.0,0,1548.0974963195595,1568.4856656078616,-20.38816928830215
6,2025_06_PHI_NYG,PHI,NYG,0,17.0,34.0,0,1513.8071737002135,1548.0974963195595,-34.29032261934594
7,2025_07_PHI_MIN,PHI,MIN,0,28.0,22.0,1,1536.6755137204805,1513.8071737002135,22.868340020266942
8,2025_08_NYG_PHI,PHI,NYG,1,38.0,20.0,1,1555.3015801526203,1536.6755137204805,18.62606643213985
10,2025_10_PHI_GB,PHI,GB,0,10.0,7.0,1,1571.6400980801072,1555.3015801526203,16.33851792748692
11,2025_11_DET_PHI,PHI,DET,1,16.0,9.0,1,1589.7973907732176,1571.6400980801072,18.15729269311032
12,2025_12_PHI_DAL,PHI,DAL,0,21.0,24.0,0,1574.3961953753262,1589.7973907732176,-15.401195397891343
13,2025_13_CHI_PHI,PHI,CHI,1,15.0,24.0,0,1545.2394632881446,1574.3961953753262,-29.15673208718158
14,2025_14_PHI_LAC,PHI,LAC,0,19.0,22.0,0,1533.0323516605026,1545.2394632881446,-12.207111627642007
15,2025_15_LV_PHI,PHI,LV,1,31.0,0.0,1,1546.4621984414637,1533.0323516605026,13.429846780961043
1,2025_01_PIT_NYJ,PIT,NYJ,0,34.0,32.0,1,1512.7108728216106,,
2,2025_02_SEA_PIT,PIT,SEA,1,17.0,31.0,0,1479.036472258815,1512.7108728216106,-33.674400562795654
3,2025_03_PIT_NE,PIT,NE,0,21.0,14.0,1,1504.2073753944856,1479.036472258815,25.170903135670642
4,2025_04_MIN_PIT,PIT,MIN,1,24.0,21.0,1,1516.3539724235902,1504.2073753944856,12.146597029104669
6,2025_06_CLE_PIT,PIT,CLE,1,23.0,9.0,1,1533.7155900082412,1516.3539724235902,17.361617584650958
7,2025_07_PIT_CIN,PIT,CIN,0,31.0,33.0,0,1521.0037934361758,1533.7155900082412,-12.711796572065396
8,2025_08_GB_PIT,PIT,GB,1,25.0,35.0,0,1495.7746087271223,1521.0037934361758,-25.22918470905347
9,2025_09_IND_PIT,PIT,IND,1,27.0,20.0,1,1520.226767088199,1495.7746087271223,24.452158361076727
10,2025_10_PIT_LAC,PIT,LAC,0,10.0,25.0,0,1497.7380078525896,1520.226767088199,-22.48875923560945
11,2025_11_CIN_PIT,PIT,CIN,1,34.0,12.0,1,1516.8445095272443,1497.7380078525896,19.106501674654737
12,2025_12_PIT_CHI,PIT,CHI,0,28.0,31.0,0,1505.403099368386,1516.8445095272443,-11.441410158858389
13,2025_13_BUF_PIT,PIT,BUF,1,7.0,26.0,0,1474.6263221283352,1505.403099368386,-30.776777240050706
14,2025_14_PIT_BAL,PIT,BAL,0,27.0,22.0,1,1496.081558469937,1474.6263221283352,21.455236341601676
15,2025_15_MIA_PIT,PIT,MIA,1,28.0,15.0,1,1518.6837433460098,1496.081558469937,22.602184876072897
1,2025_01_SF_SEA,SEA,SF,1,13.0,17.0,0,1481.3789078911275,,
2,2025_02_SEA_PIT,SEA,PIT,0,31.0,17.0,1,1515.0533084539231,1481.3789078911275,33.674400562795654
3,2025_03_NO_SEA,SEA,NO,1,44.0,13.0,1,1538.8501571638126,1515.0533084539231,23.796848709889446
4,2025_04_SEA_ARI,SEA,ARI,0,23.0,20.0,1,1554.5822240391474,1538.8501571638126,15.732066875334795
5,2025_05_TB_SEA,SEA,TB,1,35.0,38.0,0,1536.8153875271214,1554.5822240391474,-17.766836512025975
6,2025_06_SEA_JAX,SEA,JAX,0,20.0,12.0,1,1563.509763590665,1536.8153875271214,26.694376063543586
7,2025_07_HOU_SEA,SEA,HOU,1,27.0,19.0,1,1579.751712936506,1563.509763590665,16.24194934584102
9,2025_09_SEA_WAS,SEA,WAS,0,38.0,14.0,1,1608.0447412416895,1579.751712936506,28.293028305183498
10,2025_10_ARI_SEA,SEA,ARI,1,44.0,22.0,1,1626.165862691466,1608.0447412416895,18.12112144977641
11,2025_11_SEA_LA,SEA,LA,0,19.0,21.0,0,1616.971690317719,1626.165862691466,-9.194172373746824
12,2025_12_SEA_TEN,SEA,TEN,0,30.0,24.0,1,1625.3035051440665,1616.971690317719,8.331814826347454
13,2025_13_MIN_SEA,SEA,MIN,1,26.0,0.0,1,1638.2147446444494,1625.3035051440665,12.911239500382862
14,2025_14_SEA_ATL,SEA,ATL,0,37.0,9.0,1,1659.2618360908596,1638.2147446444494,21.04709144641015
15,2025_15_IND_SEA,SEA,IND,1,18.0,16.0,1,1665.1421180394439,1659.2618360908596,5.880281948584297
16,2025_16_LA_SEA,SEA,LA,1,38.0,37.0,1,1671.0504238241983,1665.1421180394439,5.908305784754475
1,2025_01_SF_SEA,SF,SEA,0,17.0,13.0,1,1518.6210921088725,,
2,2025_02_SF_NO,SF,NO,0,26.0,21.0,1,1537.1737702202374,1518.6210921088725,18.552678111364912
3,2025_03_ARI_SF,SF,ARI,1,16.0,15.0,1,1543.0101204882062,1537.1737702202374,5.836350267968783
4,2025_04_JAX_SF,SF,JAX,1,21.0,26.0,0,1521.3957342232407,1543.0101204882062,-21.61438626496556
5,2025_05_SF_LA,SF,LA,0,26.0,23.0,1,1538.3461749176904,1521.3957342232407,16.950440694449753
6,2025_06_SF_TB,SF,TB,0,19.0,30.0,0,1516.5883313839263,1538.3461749176904,-21.757843533764117
7,2025_07_ATL_SF,SF,ATL,1,20.0,10.0,1,1537.5835052268242,1516.5883313839263,20.995173842897884
8,2025_08_SF_HOU,SF,HOU,0,15.0,26.0,0,1514.6567833017166,1537.5835052268242,-22.926721925107586
9,2025_09_SF_NYG,SF,NYG,0,34.0,24.0,1,1537.2211458332008,1514.6567833017166,22.56436253148422
10,2025_10_LA_SF,SF,LA,1,26.0,42.0,0,1509.5808373695759,1537.2211458332008,-27.640308463624933
11,2025_11_SF_ARI,SF,ARI,0,41.0,22.0,1,1542.454191953324,1509.5808373695759,32.873354583748096
12,2025_12_CAR_SF,SF,CAR,1,20.0,9.0,1,1558.639532291793,1542.454191953324,16.185340338469132
13,2025_13_SF_CLE,SF,CLE,0,26.0,8.0,1,1581.672803445258,1558.639532291793,23.033271153464966
15,2025_15_TEN_SF,SF,TEN,1,37.0,24.0,1,1589.1832974426557,1581.672803445258,7.510493997397589
1,2025_01_TB_ATL,TB,ATL,0,23.0,20.0,1,1516.0393357140338,,
2,2025_02_TB_HOU,TB,HOU,0,20.0,19.0,1,1523.445997538948,1516.0393357140338,7.406661824914181
3,2025_03_NYJ_TB,TB,NYJ,1,29.0,27.0,1,1530.6477110098792,1523.445997538948,7.201713470931281
4,2025_04_PHI_TB,TB,PHI,1,25.0,31.0,0,1509.0253591232745,1530.6477110098792,-21.622351886604747
5,2025_05_TB_SEA,TB,SEA,0,38.0,35.0,1,1526.7921956353005,1509.0253591232745,17.766836512025975
6,2025_06_SF_TB,TB,SF,1,30.0,19.0,1,1548.5500391690646,1526.7921956353005,21.757843533764117
7,2025_07_TB_DET,TB,DET,0,9.0,24.0,0,1525.434914634874,1548.5500391690646,-23.1151245341905
8,2025_08_TB_NO,TB,NO,0,23.0,3.0,1,1550.5602700420532,1525.434914634874,25.125355407179086
10,2025_10_NE_TB,TB,NE,1,23.0,28.0,0,1531.4686935164436,1550.5602700420532,-19.091576525609526
11,2025_11_TB_BUF,TB,BUF,0,32.0,44.0,0,1510.7989154981872,1531.4686935164436,-20.669778018256466
12,2025_12_TB_LA,TB,LA,0,7.0,34.0,0,1493.4743206063517,1510.7989154981872,-17.32459489183543
13,2025_13_ARI_TB,TB,ARI,1,20.0,17.0,1,1503.2220891798595,1493.4743206063517,9.747768573507756
14,2025_14_NO_TB,TB,NO,1,20.0,24.0,0,1479.0932410056857,1503.2220891798595,-24.128848174173754
15,2025_15_ATL_TB,TB,ATL,1,28.0,29.0,0,1470.0580534692351,1479.0932410056857,-9.035187536450621
1,2025_01_TEN_DEN,TEN,DEN,0,12.0,20.0,0,1481.4772540964966,,
2,2025_02_LA_TEN,TEN,LA,1,19.0,33.0,0,1452.7329849023563,1481.4772540964966,-28.744269194140315
3,2025_03_IND_TEN,TEN,IND,1,20.0,41.0,0,1424.0785768220203,1452.7329849023563,-28.654408080335998
4,2025_04_TEN_HOU,TEN,HOU,0,0.0,26.0,0,1399.712997666863,1424.0785768220203,-24.36557915515732
5,2025_05_TEN_ARI,TEN,ARI,0,22.0,21.0,1,1409.797494825517,1399.712997666863,10.08449715865413
6,2025_06_TEN_LV,TEN,LV,0,10.0,20.0,0,1391.6384170449296,1409.797494825517,-18.159077780587495
7,2025_07_NE_TEN,TEN,NE,1,13.0,31.0,0,1369.976287099908,1391.6384170449296,-21.66212994502166
8,2025_08_TEN_IND,TEN,IND,0,14.0,38.0,0,1359.6333767863139,1369.976287099908,-10.342910313594075
9,2025_09_LAC_TEN,TEN,LAC,1,20.0,27.0,0,1344.7834687127236,1359.6333767863139,-14.849908073590314
11,2025_11_HOU_TEN,TEN,HOU,1,13.0,16.0,0,1336.0562557660198,1344.7834687127236,-8.72721294670373
12,2025_12_SEA_TEN,TEN,SEA,1,24.0,30.0,0,1327.7244409396724,1336.0562557660198,-8.331814826347454
13,2025_13_JAX_TEN,TEN,JAX,1,3.0,25.0,0,1309.1702805255711,1327.7244409396724,-18.55416041410126
14,2025_14_TEN_CLE,TEN,CLE,0,31.0,29.0,1,1324.6135027579667,1309.1702805255711,15.443222232395556
15,2025_15_TEN_SF,TEN,SF,0,24.0,37.0,0,1317.103008760569,1324.6135027579667,-7.510493997397589
1,2025_01_NYG_WAS,WAS,NYG,1,21.0,6.0,1,1523.3731030167282,,
2,2025_02_WAS_GB,WAS,GB,0,18.0,27.0,0,1503.9269840587529,1523.3731030167282,-19.446118957975386
3,2025_03_LV_WAS,WAS,LV,1,41.0,24.0,1,1527.5537708012741,1503.9269840587529,23.62678674252129
4,2025_04_WAS_ATL,WAS,ATL,0,27.0,34.0,0,1507.4932404943147,1527.5537708012741,-20.060530306959436
5,2025_05_WAS_LAC,WAS,LAC,0,27.0,10.0,1,1543.4992578980598,1507.4932404943147,36.00601740374509
6,2025_06_CHI_WAS,WAS,CHI,1,24.0,25.0,0,1534.4681719928208,1543.4992578980598,-9.031085905239024
7,2025_07_WAS_DAL,WAS,DAL,0,22.0,44.0,0,1503.722604540981,1534.4681719928208,-30.74556745183986
8,2025_08_WAS_KC,WAS,KC,0,7.0,28.0,0,1482.4952666303973,1503.722604540981,-21.22733791058363
9,2025_09_SEA_WAS,WAS,SEA,1,14.0,38.0,0,1454.2022383252138,1482.4952666303973,-28.293028305183498
10,2025_10_DET_WAS,WAS,DET,1,22.0,44.0,0,1426.9658305692644,1454.2022383252138,-27.236407755949358
11,2025_11_WAS_MIA,WAS,MIA,0,13.0,16.0,0,1416.1544569515415,1426.9658305692644,-10.811373617722893
13,2025_13_DEN_WAS,WAS,DEN,1,26.0,27.0,0,1411.911607139434,1416.1544569515415,-4.242849812107579
14,2025_14_WAS_MIN,WAS,MIN,0,0.0,31.0,0,1383.6769540554092,1411.911607139434,-28.234653084024785
15,2025_15_WAS_NYG,WAS,NYG,0,29.0,21.0,1,1408.4345351671059,1383.6769540554092,24.75758111169671
